-- Seed current SumiRate data into Supabase/Postgres.
-- Generated from local CSV files. Review before applying.
begin;

insert into evaluation_sets (evaluation_set_id, name, description, status) values
    ('mvp_2026_06', 'MVP 2026-06', 'Initial 48-image blind rating set', 'active')
on conflict (evaluation_set_id) do update set
    name = excluded.name,
    description = excluded.description,
    status = excluded.status;

insert into models (model_id, model_name, provider, notes) values
    ('M01', 'GPT Image 2', 'OpenAI', '国际通用强基线；API 可能 revise prompt，需记录 revised_prompt'),
    ('M02', 'Qwen Image 2.0 Pro', 'Alibaba DashScope', 'DashScope 通义万相 2.7 专业版（北京地域）；SDK 用 dashscope.aigc.image_generation.ImageGeneration；按图像张数计费，失败不计费'),
    ('M03', 'Jimeng T2I 3.1', 'Volcengine', '火山引擎文生图3.1；异步提交+轮询；鉴权使用 VOLC_ACCESS_KEY_ID/VOLC_SECRET_ACCESS_KEY；Region=cn-north-1 Service=cv')
on conflict (model_id) do update set
    model_name = excluded.model_name,
    provider = excluded.provider,
    notes = excluded.notes;

insert into model_blind_labels (evaluation_set_id, model_id, blind_model_label) values
    ('mvp_2026_06', 'M01', 'Model_A'),
    ('mvp_2026_06', 'M02', 'Model_B'),
    ('mvp_2026_06', 'M03', 'Model_C')
on conflict (evaluation_set_id, model_id) do update set
    blind_model_label = excluded.blind_model_label;

insert into prompts (prompt_id, target_style, prompt_level, prompt_text, expected_elements, forbidden_elements) values
    ('SS_L1_001', '水墨山水', 'L1', '生成一幅中国水墨山水画风格的远山与江面图像。', '远山；江面；水墨；留白', '现代建筑；霓虹灯；写实摄影；赛博风'),
    ('SS_L2_001', '水墨山水', 'L2', '生成一幅中国水墨山水画风格的图像，画面包含远山、江面、小舟和留白。', '远山；江面；小舟；留白', '现代建筑；高饱和霓虹色；西式油画光影；摄影写实'),
    ('DH_L1_001', '敦煌图像', 'L1', '生成一幅敦煌壁画风格的飞天图像。', '飞天；壁画风格；飘带', '现代古风插画；游戏角色；摄影棚人物'),
    ('DH_L2_001', '敦煌图像', 'L2', '生成一幅敦煌壁画风格的飞天图像，人物身披飘带，手持琵琶，背景具有壁画肌理和矿物设色感。', '飞天；飘带；琵琶；壁画肌理；矿物设色', '现代古风插画；游戏角色；写实摄影；过度光效'),
    ('NH_L1_001', '民间年画', 'L1', '生成一幅中国民间年画风格的门神图像。', '门神；年画风格；鲜艳色彩；装饰性', '西方骑士；超级英雄；写实肖像'),
    ('NH_L2_001', '民间年画', 'L2', '生成一幅中国民间年画风格的门神图像，画面采用对称构图，色彩鲜艳，包含传统门神服饰、脸部表情和装饰纹样。', '门神；对称构图；高饱和色彩；传统服饰；脸部表情；装饰纹样', '西方骑士；现代警察；超级英雄；摄影写实'),
    ('JP_L1_001', '京剧脸谱', 'L1', '生成一张京剧脸谱风格的人物头像。', '京剧脸谱；人物头像；脸部图案；传统戏曲感', '普通彩色面具；现代化妆；小丑妆'),
    ('JP_L2_001', '京剧脸谱', 'L2', '生成一张京剧脸谱风格的武将人物头像，脸部图案结构清晰，色彩鲜明，包含勾脸纹样和油彩质感。', '武将头像；脸谱结构；色彩鲜明；勾脸纹样；油彩质感', '随机彩色面具；现代舞台妆；小丑妆；科幻头盔')
on conflict (prompt_id) do update set
    target_style = excluded.target_style,
    prompt_level = excluded.prompt_level,
    prompt_text = excluded.prompt_text,
    expected_elements = excluded.expected_elements,
    forbidden_elements = excluded.forbidden_elements,
    updated_at = now();

insert into generation_jobs (job_id, prompt_id, model_id, replicate_idx, seed, status, attempts, original_prompt, revised_prompt, revision_reason, raw_image_path, error_code, error_message, timeout_sec, safety_blocked, created_at, started_at, finished_at) values
    ('J0001', 'SS_L1_001', 'M01', 1, null, 'success', 1, '生成一幅中国水墨山水画风格的远山与江面图像。', null, 'manual_import_from_chat_image', 'images/raw/J0001_manual_20260626T034648Z.png', null, null, null, false, '2026-06-25T13:48:24+00:00', '2026-06-26T03:46:48+00:00', '2026-06-26T03:46:48+00:00'),
    ('J0002', 'SS_L1_001', 'M01', 2, null, 'success', 1, '生成一幅中国水墨山水画风格的远山与江面图像。', null, 'manual_import_from_chat_image', 'images/raw/J0002_manual_20260626T041101Z.png', null, null, null, false, '2026-06-25T13:48:24+00:00', '2026-06-26T04:11:01+00:00', '2026-06-26T04:11:01+00:00'),
    ('J0003', 'SS_L1_001', 'M02', 1, 1550691101, 'success', 1, '生成一幅中国水墨山水画风格的远山与江面图像。', null, null, 'images/raw/J0003_20260625T180854Z.png', null, null, null, false, '2026-06-25T18:05:31+00:00', '2026-06-25T18:08:13+00:00', '2026-06-25T18:08:55+00:00'),
    ('J0004', 'SS_L1_001', 'M02', 2, 1708978415, 'success', 1, '生成一幅中国水墨山水画风格的远山与江面图像。', null, null, 'images/raw/J0004_20260625T180936Z.png', null, null, null, false, '2026-06-25T18:05:31+00:00', '2026-06-25T18:08:56+00:00', '2026-06-25T18:09:37+00:00'),
    ('J0005', 'SS_L2_001', 'M01', 1, null, 'success', 1, '生成一幅中国水墨山水画风格的图像，画面包含远山、江面、小舟和留白。', null, 'manual_import_from_chat_image', 'images/raw/J0005_manual_20260626T042409Z.png', null, null, null, false, '2026-06-25T13:48:24+00:00', '2026-06-26T04:24:09+00:00', '2026-06-26T04:24:09+00:00'),
    ('J0006', 'SS_L2_001', 'M01', 2, null, 'success', 1, '生成一幅中国水墨山水画风格的图像，画面包含远山、江面、小舟和留白。', null, 'manual_import_from_chat_image', 'images/raw/J0006_manual_20260626T044410Z.png', null, null, null, false, '2026-06-25T13:48:24+00:00', '2026-06-26T04:44:10+00:00', '2026-06-26T04:44:10+00:00'),
    ('J0007', 'SS_L2_001', 'M02', 1, 1834001188, 'success', 1, '生成一幅中国水墨山水画风格的图像，画面包含远山、江面、小舟和留白。', null, null, 'images/raw/J0007_20260625T181022Z.png', null, null, null, false, '2026-06-25T18:05:31+00:00', '2026-06-25T18:09:38+00:00', '2026-06-25T18:10:23+00:00'),
    ('J0008', 'SS_L2_001', 'M02', 2, 661970082, 'success', 1, '生成一幅中国水墨山水画风格的图像，画面包含远山、江面、小舟和留白。', null, null, 'images/raw/J0008_20260625T181104Z.png', null, null, null, false, '2026-06-25T18:05:31+00:00', '2026-06-25T18:10:24+00:00', '2026-06-25T18:11:05+00:00'),
    ('J0009', 'DH_L1_001', 'M01', 1, null, 'success', 1, '生成一幅敦煌壁画风格的飞天图像。', null, 'manual_import_from_chat_image', 'images/raw/J0009_manual_20260626T034648Z.png', null, null, null, false, '2026-06-25T13:48:24+00:00', '2026-06-26T03:46:48+00:00', '2026-06-26T03:46:48+00:00'),
    ('J0010', 'DH_L1_001', 'M01', 2, null, 'success', 1, '生成一幅敦煌壁画风格的飞天图像。', null, 'manual_import_from_chat_image', 'images/raw/J0010_manual_20260626T041101Z.png', null, null, null, false, '2026-06-25T13:48:24+00:00', '2026-06-26T04:11:01+00:00', '2026-06-26T04:11:01+00:00'),
    ('J0011', 'DH_L1_001', 'M02', 1, 1884141354, 'success', 1, '生成一幅敦煌壁画风格的飞天图像。', null, null, 'images/raw/J0011_20260625T181152Z.png', null, null, null, false, '2026-06-25T18:05:31+00:00', '2026-06-25T18:11:06+00:00', '2026-06-25T18:11:53+00:00'),
    ('J0012', 'DH_L1_001', 'M02', 2, 1313899604, 'success', 1, '生成一幅敦煌壁画风格的飞天图像。', null, null, 'images/raw/J0012_20260625T181254Z.png', null, null, null, false, '2026-06-25T18:05:31+00:00', '2026-06-25T18:12:07+00:00', '2026-06-25T18:12:56+00:00'),
    ('J0013', 'DH_L2_001', 'M01', 1, null, 'success', 1, '生成一幅敦煌壁画风格的飞天图像，人物身披飘带，手持琵琶，背景具有壁画肌理和矿物设色感。', null, 'manual_import_from_chat_image', 'images/raw/J0013_manual_20260626T042409Z.png', null, null, null, false, '2026-06-25T13:48:24+00:00', '2026-06-26T04:24:09+00:00', '2026-06-26T04:24:09+00:00'),
    ('J0014', 'DH_L2_001', 'M01', 2, null, 'success', 1, '生成一幅敦煌壁画风格的飞天图像，人物身披飘带，手持琵琶，背景具有壁画肌理和矿物设色感。', null, 'manual_import_from_chat_image', 'images/raw/J0014_manual_20260626T044417Z.png', null, null, null, false, '2026-06-25T13:48:24+00:00', '2026-06-26T04:44:17+00:00', '2026-06-26T04:44:17+00:00'),
    ('J0015', 'DH_L2_001', 'M02', 1, 1250804222, 'success', 1, '生成一幅敦煌壁画风格的飞天图像，人物身披飘带，手持琵琶，背景具有壁画肌理和矿物设色感。', null, null, 'images/raw/J0015_20260625T181343Z.png', null, null, null, false, '2026-06-25T18:05:31+00:00', '2026-06-25T18:12:57+00:00', '2026-06-25T18:13:44+00:00'),
    ('J0016', 'DH_L2_001', 'M02', 2, 1977435121, 'success', 1, '生成一幅敦煌壁画风格的飞天图像，人物身披飘带，手持琵琶，背景具有壁画肌理和矿物设色感。', null, null, 'images/raw/J0016_20260625T181432Z.png', null, null, null, false, '2026-06-25T18:05:31+00:00', '2026-06-25T18:13:45+00:00', '2026-06-25T18:14:33+00:00'),
    ('J0017', 'NH_L1_001', 'M01', 1, null, 'success', 1, '生成一幅中国民间年画风格的门神图像。', null, 'manual_import_from_chat_image', 'images/raw/J0017_manual_20260626T034648Z.png', null, null, null, false, '2026-06-25T13:48:24+00:00', '2026-06-26T03:46:48+00:00', '2026-06-26T03:46:48+00:00'),
    ('J0018', 'NH_L1_001', 'M01', 2, null, 'success', 1, '生成一幅中国民间年画风格的门神图像。', null, 'manual_import_from_chat_image', 'images/raw/J0018_manual_20260626T041101Z.png', null, null, null, false, '2026-06-25T13:48:24+00:00', '2026-06-26T04:11:01+00:00', '2026-06-26T04:11:01+00:00'),
    ('J0019', 'NH_L1_001', 'M02', 1, 1083679647, 'success', 1, '生成一幅中国民间年画风格的门神图像。', null, null, 'images/raw/J0019_20260625T181527Z.png', null, null, null, false, '2026-06-25T18:05:31+00:00', '2026-06-25T18:14:34+00:00', '2026-06-25T18:15:28+00:00'),
    ('J0020', 'NH_L1_001', 'M02', 2, 327853705, 'success', 1, '生成一幅中国民间年画风格的门神图像。', null, null, 'images/raw/J0020_20260625T181621Z.png', null, null, null, false, '2026-06-25T18:05:31+00:00', '2026-06-25T18:15:29+00:00', '2026-06-25T18:16:22+00:00'),
    ('J0021', 'NH_L2_001', 'M01', 1, null, 'success', 1, '生成一幅中国民间年画风格的门神图像，画面采用对称构图，色彩鲜艳，包含传统门神服饰、脸部表情和装饰纹样。', null, 'manual_import_from_chat_image', 'images/raw/J0021_manual_20260626T042409Z.png', null, null, null, false, '2026-06-25T13:48:24+00:00', '2026-06-26T04:24:09+00:00', '2026-06-26T04:24:09+00:00'),
    ('J0022', 'NH_L2_001', 'M01', 2, null, 'success', 1, '生成一幅中国民间年画风格的门神图像，画面采用对称构图，色彩鲜艳，包含传统门神服饰、脸部表情和装饰纹样。', null, 'manual_import_from_chat_image', 'images/raw/J0022_manual_20260626T044425Z.png', null, null, null, false, '2026-06-25T13:48:24+00:00', '2026-06-26T04:44:25+00:00', '2026-06-26T04:44:25+00:00'),
    ('J0023', 'NH_L2_001', 'M02', 1, 485139904, 'success', 1, '生成一幅中国民间年画风格的门神图像，画面采用对称构图，色彩鲜艳，包含传统门神服饰、脸部表情和装饰纹样。', null, null, 'images/raw/J0023_20260625T181734Z.png', null, null, null, false, '2026-06-25T18:05:31+00:00', '2026-06-25T18:16:44+00:00', '2026-06-25T18:17:35+00:00'),
    ('J0024', 'NH_L2_001', 'M02', 2, 1533597147, 'success', 1, '生成一幅中国民间年画风格的门神图像，画面采用对称构图，色彩鲜艳，包含传统门神服饰、脸部表情和装饰纹样。', null, null, 'images/raw/J0024_20260625T181826Z.png', null, null, null, false, '2026-06-25T18:05:31+00:00', '2026-06-25T18:17:36+00:00', '2026-06-25T18:18:27+00:00'),
    ('J0025', 'JP_L1_001', 'M01', 1, null, 'success', 1, '生成一张京剧脸谱风格的人物头像。', null, 'manual_import_from_chat_image', 'images/raw/J0025_manual_20260626T034648Z.png', null, null, null, false, '2026-06-25T13:48:24+00:00', '2026-06-26T03:46:48+00:00', '2026-06-26T03:46:48+00:00'),
    ('J0026', 'JP_L1_001', 'M01', 2, null, 'success', 1, '生成一张京剧脸谱风格的人物头像。', null, 'manual_import_from_chat_image', 'images/raw/J0026_manual_20260626T041101Z.png', null, null, null, false, '2026-06-25T13:48:24+00:00', '2026-06-26T04:11:01+00:00', '2026-06-26T04:11:01+00:00'),
    ('J0027', 'JP_L1_001', 'M02', 1, 1811669055, 'success', 1, '生成一张京剧脸谱风格的人物头像。', null, null, 'images/raw/J0027_20260625T181912Z.png', null, null, null, false, '2026-06-25T18:05:31+00:00', '2026-06-25T18:18:28+00:00', '2026-06-25T18:19:13+00:00'),
    ('J0028', 'JP_L1_001', 'M02', 2, 2138633820, 'success', 1, '生成一张京剧脸谱风格的人物头像。', null, null, 'images/raw/J0028_20260625T181957Z.png', null, null, null, false, '2026-06-25T18:05:31+00:00', '2026-06-25T18:19:14+00:00', '2026-06-25T18:19:59+00:00'),
    ('J0029', 'JP_L2_001', 'M01', 1, null, 'success', 1, '生成一张京剧脸谱风格的武将人物头像，脸部图案结构清晰，色彩鲜明，包含勾脸纹样和油彩质感。', null, 'manual_import_from_chat_image', 'images/raw/J0029_manual_20260626T042409Z.png', null, null, null, false, '2026-06-25T13:48:24+00:00', '2026-06-26T04:24:09+00:00', '2026-06-26T04:24:09+00:00'),
    ('J0030', 'JP_L2_001', 'M01', 2, null, 'success', 1, '生成一张京剧脸谱风格的武将人物头像，脸部图案结构清晰，色彩鲜明，包含勾脸纹样和油彩质感。', null, 'manual_import_from_chat_image', 'images/raw/J0030_manual_20260626T044432Z.png', null, null, null, false, '2026-06-25T13:48:24+00:00', '2026-06-26T04:44:32+00:00', '2026-06-26T04:44:32+00:00'),
    ('J0031', 'JP_L2_001', 'M02', 1, 1175927999, 'success', 1, '生成一张京剧脸谱风格的武将人物头像，脸部图案结构清晰，色彩鲜明，包含勾脸纹样和油彩质感。', null, null, 'images/raw/J0031_20260625T182041Z.png', null, null, null, false, '2026-06-25T18:05:31+00:00', '2026-06-25T18:20:00+00:00', '2026-06-25T18:20:41+00:00'),
    ('J0032', 'JP_L2_001', 'M02', 2, 837149343, 'success', 1, '生成一张京剧脸谱风格的武将人物头像，脸部图案结构清晰，色彩鲜明，包含勾脸纹样和油彩质感。', null, null, 'images/raw/J0032_20260625T182123Z.png', null, null, null, false, '2026-06-25T18:05:31+00:00', '2026-06-25T18:20:42+00:00', '2026-06-25T18:21:23+00:00'),
    ('J0033', 'SS_L1_001', 'M03', 1, 1022327705, 'success', 1, '生成一幅中国水墨山水画风格的远山与江面图像。', null, null, 'images/raw/J0033_20260626T083628Z.jpg', null, null, null, false, '2026-06-26T08:21:05+00:00', '2026-06-26T08:36:18+00:00', '2026-06-26T08:36:29+00:00'),
    ('J0034', 'SS_L1_001', 'M03', 2, 1465386756, 'success', 1, '生成一幅中国水墨山水画风格的远山与江面图像。', null, null, 'images/raw/J0034_20260626T084011Z.jpg', null, null, null, false, '2026-06-26T08:21:05+00:00', '2026-06-26T08:40:01+00:00', '2026-06-26T08:40:11+00:00'),
    ('J0035', 'SS_L2_001', 'M03', 1, 1393327159, 'success', 1, '生成一幅中国水墨山水画风格的图像，画面包含远山、江面、小舟和留白。', null, null, 'images/raw/J0035_20260626T084022Z.jpg', null, null, null, false, '2026-06-26T08:21:05+00:00', '2026-06-26T08:40:12+00:00', '2026-06-26T08:40:23+00:00'),
    ('J0036', 'SS_L2_001', 'M03', 2, 1839961263, 'success', 1, '生成一幅中国水墨山水画风格的图像，画面包含远山、江面、小舟和留白。', null, null, 'images/raw/J0036_20260626T084034Z.jpg', null, null, null, false, '2026-06-26T08:21:05+00:00', '2026-06-26T08:40:24+00:00', '2026-06-26T08:40:34+00:00'),
    ('J0037', 'DH_L1_001', 'M03', 1, 2032164744, 'success', 1, '生成一幅敦煌壁画风格的飞天图像。', null, null, 'images/raw/J0037_20260626T084045Z.jpg', null, null, null, false, '2026-06-26T08:21:05+00:00', '2026-06-26T08:40:35+00:00', '2026-06-26T08:40:46+00:00'),
    ('J0038', 'DH_L1_001', 'M03', 2, 2097438755, 'success', 1, '生成一幅敦煌壁画风格的飞天图像。', null, null, 'images/raw/J0038_20260626T084057Z.jpg', null, null, null, false, '2026-06-26T08:21:05+00:00', '2026-06-26T08:40:47+00:00', '2026-06-26T08:40:57+00:00'),
    ('J0039', 'DH_L2_001', 'M03', 1, 1676459024, 'success', 1, '生成一幅敦煌壁画风格的飞天图像，人物身披飘带，手持琵琶，背景具有壁画肌理和矿物设色感。', null, null, 'images/raw/J0039_20260626T084108Z.jpg', null, null, null, false, '2026-06-26T08:21:05+00:00', '2026-06-26T08:40:58+00:00', '2026-06-26T08:41:09+00:00'),
    ('J0040', 'DH_L2_001', 'M03', 2, 123634901, 'success', 1, '生成一幅敦煌壁画风格的飞天图像，人物身披飘带，手持琵琶，背景具有壁画肌理和矿物设色感。', null, null, 'images/raw/J0040_20260626T084120Z.jpg', null, null, null, false, '2026-06-26T08:21:05+00:00', '2026-06-26T08:41:10+00:00', '2026-06-26T08:41:20+00:00'),
    ('J0041', 'NH_L1_001', 'M03', 1, 1232806517, 'success', 1, '生成一幅中国民间年画风格的门神图像。', null, null, 'images/raw/J0041_20260626T084134Z.jpg', null, null, null, false, '2026-06-26T08:21:05+00:00', '2026-06-26T08:41:21+00:00', '2026-06-26T08:41:35+00:00'),
    ('J0042', 'NH_L1_001', 'M03', 2, 1458921542, 'success', 1, '生成一幅中国民间年画风格的门神图像。', null, null, 'images/raw/J0042_20260626T084146Z.jpg', null, null, null, false, '2026-06-26T08:21:05+00:00', '2026-06-26T08:41:36+00:00', '2026-06-26T08:41:46+00:00'),
    ('J0043', 'NH_L2_001', 'M03', 1, 1890206666, 'success', 1, '生成一幅中国民间年画风格的门神图像，画面采用对称构图，色彩鲜艳，包含传统门神服饰、脸部表情和装饰纹样。', null, null, 'images/raw/J0043_20260626T084157Z.jpg', null, null, null, false, '2026-06-26T08:21:05+00:00', '2026-06-26T08:41:47+00:00', '2026-06-26T08:41:58+00:00'),
    ('J0044', 'NH_L2_001', 'M03', 2, 1179172784, 'success', 1, '生成一幅中国民间年画风格的门神图像，画面采用对称构图，色彩鲜艳，包含传统门神服饰、脸部表情和装饰纹样。', null, null, 'images/raw/J0044_20260626T084209Z.jpg', null, null, null, false, '2026-06-26T08:21:05+00:00', '2026-06-26T08:41:59+00:00', '2026-06-26T08:42:09+00:00'),
    ('J0045', 'JP_L1_001', 'M03', 1, 757162689, 'success', 1, '生成一张京剧脸谱风格的人物头像。', null, null, 'images/raw/J0045_20260626T084221Z.jpg', null, null, null, false, '2026-06-26T08:21:05+00:00', '2026-06-26T08:42:10+00:00', '2026-06-26T08:42:21+00:00'),
    ('J0046', 'JP_L1_001', 'M03', 2, 580530277, 'success', 1, '生成一张京剧脸谱风格的人物头像。', null, null, 'images/raw/J0046_20260626T084232Z.jpg', null, null, null, false, '2026-06-26T08:21:05+00:00', '2026-06-26T08:42:22+00:00', '2026-06-26T08:42:32+00:00'),
    ('J0047', 'JP_L2_001', 'M03', 1, 716021082, 'success', 1, '生成一张京剧脸谱风格的武将人物头像，脸部图案结构清晰，色彩鲜明，包含勾脸纹样和油彩质感。', null, null, 'images/raw/J0047_20260626T084247Z.jpg', null, null, null, false, '2026-06-26T08:21:05+00:00', '2026-06-26T08:42:33+00:00', '2026-06-26T08:42:47+00:00'),
    ('J0048', 'JP_L2_001', 'M03', 2, 783900378, 'success', 1, '生成一张京剧脸谱风格的武将人物头像，脸部图案结构清晰，色彩鲜明，包含勾脸纹样和油彩质感。', null, null, 'images/raw/J0048_20260626T084258Z.jpg', null, null, null, false, '2026-06-26T08:21:05+00:00', '2026-06-26T08:42:48+00:00', '2026-06-26T08:42:58+00:00')
on conflict (job_id) do update set
    status = excluded.status,
    attempts = excluded.attempts,
    raw_image_path = excluded.raw_image_path,
    error_code = excluded.error_code,
    error_message = excluded.error_message,
    safety_blocked = excluded.safety_blocked,
    started_at = excluded.started_at,
    finished_at = excluded.finished_at;

insert into rating_items (image_id, evaluation_set_id, job_id, blind_filename, blind_image_path, target_style, prompt_level, prompt_text, expected_elements, forbidden_elements, image_width, image_height, generated_at) values
    ('img_0001', 'mvp_2026_06', 'J0038', 'img_0001.jpg', 'images/blind/img_0001.jpg', '敦煌图像', 'L1', '生成一幅敦煌壁画风格的飞天图像。', '飞天；壁画风格；飘带', '现代古风插画；游戏角色；摄影棚人物', 1328, 1328, '2026-06-26T08:40:57+00:00'),
    ('img_0002', 'mvp_2026_06', 'J0027', 'img_0002.png', 'images/blind/img_0002.png', '京剧脸谱', 'L1', '生成一张京剧脸谱风格的人物头像。', '京剧脸谱；人物头像；脸部图案；传统戏曲感', '普通彩色面具；现代化妆；小丑妆', 2048, 2048, '2026-06-25T18:19:13+00:00'),
    ('img_0003', 'mvp_2026_06', 'J0025', 'img_0003.png', 'images/blind/img_0003.png', '京剧脸谱', 'L1', '生成一张京剧脸谱风格的人物头像。', '京剧脸谱；人物头像；脸部图案；传统戏曲感', '普通彩色面具；现代化妆；小丑妆', 1254, 1254, '2026-06-26T03:46:48+00:00'),
    ('img_0004', 'mvp_2026_06', 'J0020', 'img_0004.png', 'images/blind/img_0004.png', '民间年画', 'L1', '生成一幅中国民间年画风格的门神图像。', '门神；年画风格；鲜艳色彩；装饰性', '西方骑士；超级英雄；写实肖像', 2048, 2048, '2026-06-25T18:16:22+00:00'),
    ('img_0005', 'mvp_2026_06', 'J0039', 'img_0005.jpg', 'images/blind/img_0005.jpg', '敦煌图像', 'L2', '生成一幅敦煌壁画风格的飞天图像，人物身披飘带，手持琵琶，背景具有壁画肌理和矿物设色感。', '飞天；飘带；琵琶；壁画肌理；矿物设色', '现代古风插画；游戏角色；写实摄影；过度光效', 1328, 1328, '2026-06-26T08:41:09+00:00'),
    ('img_0006', 'mvp_2026_06', 'J0004', 'img_0006.png', 'images/blind/img_0006.png', '水墨山水', 'L1', '生成一幅中国水墨山水画风格的远山与江面图像。', '远山；江面；水墨；留白', '现代建筑；霓虹灯；写实摄影；赛博风', 2048, 2048, '2026-06-25T18:09:37+00:00'),
    ('img_0007', 'mvp_2026_06', 'J0048', 'img_0007.jpg', 'images/blind/img_0007.jpg', '京剧脸谱', 'L2', '生成一张京剧脸谱风格的武将人物头像，脸部图案结构清晰，色彩鲜明，包含勾脸纹样和油彩质感。', '武将头像；脸谱结构；色彩鲜明；勾脸纹样；油彩质感', '随机彩色面具；现代舞台妆；小丑妆；科幻头盔', 1328, 1328, '2026-06-26T08:42:58+00:00'),
    ('img_0008', 'mvp_2026_06', 'J0018', 'img_0008.png', 'images/blind/img_0008.png', '民间年画', 'L1', '生成一幅中国民间年画风格的门神图像。', '门神；年画风格；鲜艳色彩；装饰性', '西方骑士；超级英雄；写实肖像', 1254, 1254, '2026-06-26T04:11:01+00:00'),
    ('img_0009', 'mvp_2026_06', 'J0040', 'img_0009.jpg', 'images/blind/img_0009.jpg', '敦煌图像', 'L2', '生成一幅敦煌壁画风格的飞天图像，人物身披飘带，手持琵琶，背景具有壁画肌理和矿物设色感。', '飞天；飘带；琵琶；壁画肌理；矿物设色', '现代古风插画；游戏角色；写实摄影；过度光效', 1328, 1328, '2026-06-26T08:41:20+00:00'),
    ('img_0010', 'mvp_2026_06', 'J0013', 'img_0010.png', 'images/blind/img_0010.png', '敦煌图像', 'L2', '生成一幅敦煌壁画风格的飞天图像，人物身披飘带，手持琵琶，背景具有壁画肌理和矿物设色感。', '飞天；飘带；琵琶；壁画肌理；矿物设色', '现代古风插画；游戏角色；写实摄影；过度光效', 1254, 1254, '2026-06-26T04:24:09+00:00'),
    ('img_0011', 'mvp_2026_06', 'J0030', 'img_0011.png', 'images/blind/img_0011.png', '京剧脸谱', 'L2', '生成一张京剧脸谱风格的武将人物头像，脸部图案结构清晰，色彩鲜明，包含勾脸纹样和油彩质感。', '武将头像；脸谱结构；色彩鲜明；勾脸纹样；油彩质感', '随机彩色面具；现代舞台妆；小丑妆；科幻头盔', 1254, 1254, '2026-06-26T04:44:32+00:00'),
    ('img_0012', 'mvp_2026_06', 'J0014', 'img_0012.png', 'images/blind/img_0012.png', '敦煌图像', 'L2', '生成一幅敦煌壁画风格的飞天图像，人物身披飘带，手持琵琶，背景具有壁画肌理和矿物设色感。', '飞天；飘带；琵琶；壁画肌理；矿物设色', '现代古风插画；游戏角色；写实摄影；过度光效', 1254, 1254, '2026-06-26T04:44:17+00:00'),
    ('img_0013', 'mvp_2026_06', 'J0033', 'img_0013.jpg', 'images/blind/img_0013.jpg', '水墨山水', 'L1', '生成一幅中国水墨山水画风格的远山与江面图像。', '远山；江面；水墨；留白', '现代建筑；霓虹灯；写实摄影；赛博风', 1328, 1328, '2026-06-26T08:36:29+00:00'),
    ('img_0014', 'mvp_2026_06', 'J0022', 'img_0014.png', 'images/blind/img_0014.png', '民间年画', 'L2', '生成一幅中国民间年画风格的门神图像，画面采用对称构图，色彩鲜艳，包含传统门神服饰、脸部表情和装饰纹样。', '门神；对称构图；高饱和色彩；传统服饰；脸部表情；装饰纹样', '西方骑士；现代警察；超级英雄；摄影写实', 1254, 1254, '2026-06-26T04:44:25+00:00'),
    ('img_0015', 'mvp_2026_06', 'J0010', 'img_0015.png', 'images/blind/img_0015.png', '敦煌图像', 'L1', '生成一幅敦煌壁画风格的飞天图像。', '飞天；壁画风格；飘带', '现代古风插画；游戏角色；摄影棚人物', 1254, 1254, '2026-06-26T04:11:01+00:00'),
    ('img_0016', 'mvp_2026_06', 'J0021', 'img_0016.png', 'images/blind/img_0016.png', '民间年画', 'L2', '生成一幅中国民间年画风格的门神图像，画面采用对称构图，色彩鲜艳，包含传统门神服饰、脸部表情和装饰纹样。', '门神；对称构图；高饱和色彩；传统服饰；脸部表情；装饰纹样', '西方骑士；现代警察；超级英雄；摄影写实', 1254, 1254, '2026-06-26T04:24:09+00:00'),
    ('img_0017', 'mvp_2026_06', 'J0035', 'img_0017.jpg', 'images/blind/img_0017.jpg', '水墨山水', 'L2', '生成一幅中国水墨山水画风格的图像，画面包含远山、江面、小舟和留白。', '远山；江面；小舟；留白', '现代建筑；高饱和霓虹色；西式油画光影；摄影写实', 1328, 1328, '2026-06-26T08:40:23+00:00'),
    ('img_0018', 'mvp_2026_06', 'J0015', 'img_0018.png', 'images/blind/img_0018.png', '敦煌图像', 'L2', '生成一幅敦煌壁画风格的飞天图像，人物身披飘带，手持琵琶，背景具有壁画肌理和矿物设色感。', '飞天；飘带；琵琶；壁画肌理；矿物设色', '现代古风插画；游戏角色；写实摄影；过度光效', 2048, 2048, '2026-06-25T18:13:44+00:00'),
    ('img_0019', 'mvp_2026_06', 'J0003', 'img_0019.png', 'images/blind/img_0019.png', '水墨山水', 'L1', '生成一幅中国水墨山水画风格的远山与江面图像。', '远山；江面；水墨；留白', '现代建筑；霓虹灯；写实摄影；赛博风', 2048, 2048, '2026-06-25T18:08:55+00:00'),
    ('img_0020', 'mvp_2026_06', 'J0031', 'img_0020.png', 'images/blind/img_0020.png', '京剧脸谱', 'L2', '生成一张京剧脸谱风格的武将人物头像，脸部图案结构清晰，色彩鲜明，包含勾脸纹样和油彩质感。', '武将头像；脸谱结构；色彩鲜明；勾脸纹样；油彩质感', '随机彩色面具；现代舞台妆；小丑妆；科幻头盔', 2048, 2048, '2026-06-25T18:20:41+00:00'),
    ('img_0021', 'mvp_2026_06', 'J0036', 'img_0021.jpg', 'images/blind/img_0021.jpg', '水墨山水', 'L2', '生成一幅中国水墨山水画风格的图像，画面包含远山、江面、小舟和留白。', '远山；江面；小舟；留白', '现代建筑；高饱和霓虹色；西式油画光影；摄影写实', 1328, 1328, '2026-06-26T08:40:34+00:00'),
    ('img_0022', 'mvp_2026_06', 'J0034', 'img_0022.jpg', 'images/blind/img_0022.jpg', '水墨山水', 'L1', '生成一幅中国水墨山水画风格的远山与江面图像。', '远山；江面；水墨；留白', '现代建筑；霓虹灯；写实摄影；赛博风', 1328, 1328, '2026-06-26T08:40:11+00:00'),
    ('img_0023', 'mvp_2026_06', 'J0011', 'img_0023.png', 'images/blind/img_0023.png', '敦煌图像', 'L1', '生成一幅敦煌壁画风格的飞天图像。', '飞天；壁画风格；飘带', '现代古风插画；游戏角色；摄影棚人物', 2048, 2048, '2026-06-25T18:11:53+00:00'),
    ('img_0024', 'mvp_2026_06', 'J0009', 'img_0024.png', 'images/blind/img_0024.png', '敦煌图像', 'L1', '生成一幅敦煌壁画风格的飞天图像。', '飞天；壁画风格；飘带', '现代古风插画；游戏角色；摄影棚人物', 1254, 1254, '2026-06-26T03:46:48+00:00'),
    ('img_0025', 'mvp_2026_06', 'J0032', 'img_0025.png', 'images/blind/img_0025.png', '京剧脸谱', 'L2', '生成一张京剧脸谱风格的武将人物头像，脸部图案结构清晰，色彩鲜明，包含勾脸纹样和油彩质感。', '武将头像；脸谱结构；色彩鲜明；勾脸纹样；油彩质感', '随机彩色面具；现代舞台妆；小丑妆；科幻头盔', 2048, 2048, '2026-06-25T18:21:23+00:00'),
    ('img_0026', 'mvp_2026_06', 'J0017', 'img_0026.png', 'images/blind/img_0026.png', '民间年画', 'L1', '生成一幅中国民间年画风格的门神图像。', '门神；年画风格；鲜艳色彩；装饰性', '西方骑士；超级英雄；写实肖像', 1254, 1254, '2026-06-26T03:46:48+00:00'),
    ('img_0027', 'mvp_2026_06', 'J0042', 'img_0027.jpg', 'images/blind/img_0027.jpg', '民间年画', 'L1', '生成一幅中国民间年画风格的门神图像。', '门神；年画风格；鲜艳色彩；装饰性', '西方骑士；超级英雄；写实肖像', 1328, 1328, '2026-06-26T08:41:46+00:00'),
    ('img_0028', 'mvp_2026_06', 'J0019', 'img_0028.png', 'images/blind/img_0028.png', '民间年画', 'L1', '生成一幅中国民间年画风格的门神图像。', '门神；年画风格；鲜艳色彩；装饰性', '西方骑士；超级英雄；写实肖像', 2048, 2048, '2026-06-25T18:15:28+00:00'),
    ('img_0029', 'mvp_2026_06', 'J0029', 'img_0029.png', 'images/blind/img_0029.png', '京剧脸谱', 'L2', '生成一张京剧脸谱风格的武将人物头像，脸部图案结构清晰，色彩鲜明，包含勾脸纹样和油彩质感。', '武将头像；脸谱结构；色彩鲜明；勾脸纹样；油彩质感', '随机彩色面具；现代舞台妆；小丑妆；科幻头盔', 1254, 1254, '2026-06-26T04:24:09+00:00'),
    ('img_0030', 'mvp_2026_06', 'J0005', 'img_0030.png', 'images/blind/img_0030.png', '水墨山水', 'L2', '生成一幅中国水墨山水画风格的图像，画面包含远山、江面、小舟和留白。', '远山；江面；小舟；留白', '现代建筑；高饱和霓虹色；西式油画光影；摄影写实', 1254, 1254, '2026-06-26T04:24:09+00:00'),
    ('img_0031', 'mvp_2026_06', 'J0024', 'img_0031.png', 'images/blind/img_0031.png', '民间年画', 'L2', '生成一幅中国民间年画风格的门神图像，画面采用对称构图，色彩鲜艳，包含传统门神服饰、脸部表情和装饰纹样。', '门神；对称构图；高饱和色彩；传统服饰；脸部表情；装饰纹样', '西方骑士；现代警察；超级英雄；摄影写实', 2048, 2048, '2026-06-25T18:18:27+00:00'),
    ('img_0032', 'mvp_2026_06', 'J0023', 'img_0032.png', 'images/blind/img_0032.png', '民间年画', 'L2', '生成一幅中国民间年画风格的门神图像，画面采用对称构图，色彩鲜艳，包含传统门神服饰、脸部表情和装饰纹样。', '门神；对称构图；高饱和色彩；传统服饰；脸部表情；装饰纹样', '西方骑士；现代警察；超级英雄；摄影写实', 2048, 2048, '2026-06-25T18:17:35+00:00'),
    ('img_0033', 'mvp_2026_06', 'J0016', 'img_0033.png', 'images/blind/img_0033.png', '敦煌图像', 'L2', '生成一幅敦煌壁画风格的飞天图像，人物身披飘带，手持琵琶，背景具有壁画肌理和矿物设色感。', '飞天；飘带；琵琶；壁画肌理；矿物设色', '现代古风插画；游戏角色；写实摄影；过度光效', 2048, 2048, '2026-06-25T18:14:33+00:00'),
    ('img_0034', 'mvp_2026_06', 'J0043', 'img_0034.jpg', 'images/blind/img_0034.jpg', '民间年画', 'L2', '生成一幅中国民间年画风格的门神图像，画面采用对称构图，色彩鲜艳，包含传统门神服饰、脸部表情和装饰纹样。', '门神；对称构图；高饱和色彩；传统服饰；脸部表情；装饰纹样', '西方骑士；现代警察；超级英雄；摄影写实', 1328, 1328, '2026-06-26T08:41:58+00:00'),
    ('img_0035', 'mvp_2026_06', 'J0046', 'img_0035.jpg', 'images/blind/img_0035.jpg', '京剧脸谱', 'L1', '生成一张京剧脸谱风格的人物头像。', '京剧脸谱；人物头像；脸部图案；传统戏曲感', '普通彩色面具；现代化妆；小丑妆', 1328, 1328, '2026-06-26T08:42:32+00:00'),
    ('img_0036', 'mvp_2026_06', 'J0041', 'img_0036.jpg', 'images/blind/img_0036.jpg', '民间年画', 'L1', '生成一幅中国民间年画风格的门神图像。', '门神；年画风格；鲜艳色彩；装饰性', '西方骑士；超级英雄；写实肖像', 1328, 1328, '2026-06-26T08:41:35+00:00'),
    ('img_0037', 'mvp_2026_06', 'J0008', 'img_0037.png', 'images/blind/img_0037.png', '水墨山水', 'L2', '生成一幅中国水墨山水画风格的图像，画面包含远山、江面、小舟和留白。', '远山；江面；小舟；留白', '现代建筑；高饱和霓虹色；西式油画光影；摄影写实', 2048, 2048, '2026-06-25T18:11:05+00:00'),
    ('img_0038', 'mvp_2026_06', 'J0045', 'img_0038.jpg', 'images/blind/img_0038.jpg', '京剧脸谱', 'L1', '生成一张京剧脸谱风格的人物头像。', '京剧脸谱；人物头像；脸部图案；传统戏曲感', '普通彩色面具；现代化妆；小丑妆', 1328, 1328, '2026-06-26T08:42:21+00:00'),
    ('img_0039', 'mvp_2026_06', 'J0028', 'img_0039.png', 'images/blind/img_0039.png', '京剧脸谱', 'L1', '生成一张京剧脸谱风格的人物头像。', '京剧脸谱；人物头像；脸部图案；传统戏曲感', '普通彩色面具；现代化妆；小丑妆', 2048, 2048, '2026-06-25T18:19:59+00:00'),
    ('img_0040', 'mvp_2026_06', 'J0012', 'img_0040.png', 'images/blind/img_0040.png', '敦煌图像', 'L1', '生成一幅敦煌壁画风格的飞天图像。', '飞天；壁画风格；飘带', '现代古风插画；游戏角色；摄影棚人物', 2048, 2048, '2026-06-25T18:12:56+00:00'),
    ('img_0041', 'mvp_2026_06', 'J0047', 'img_0041.jpg', 'images/blind/img_0041.jpg', '京剧脸谱', 'L2', '生成一张京剧脸谱风格的武将人物头像，脸部图案结构清晰，色彩鲜明，包含勾脸纹样和油彩质感。', '武将头像；脸谱结构；色彩鲜明；勾脸纹样；油彩质感', '随机彩色面具；现代舞台妆；小丑妆；科幻头盔', 1328, 1328, '2026-06-26T08:42:47+00:00'),
    ('img_0042', 'mvp_2026_06', 'J0026', 'img_0042.png', 'images/blind/img_0042.png', '京剧脸谱', 'L1', '生成一张京剧脸谱风格的人物头像。', '京剧脸谱；人物头像；脸部图案；传统戏曲感', '普通彩色面具；现代化妆；小丑妆', 1254, 1254, '2026-06-26T04:11:01+00:00'),
    ('img_0043', 'mvp_2026_06', 'J0006', 'img_0043.png', 'images/blind/img_0043.png', '水墨山水', 'L2', '生成一幅中国水墨山水画风格的图像，画面包含远山、江面、小舟和留白。', '远山；江面；小舟；留白', '现代建筑；高饱和霓虹色；西式油画光影；摄影写实', 1254, 1254, '2026-06-26T04:44:10+00:00'),
    ('img_0044', 'mvp_2026_06', 'J0044', 'img_0044.jpg', 'images/blind/img_0044.jpg', '民间年画', 'L2', '生成一幅中国民间年画风格的门神图像，画面采用对称构图，色彩鲜艳，包含传统门神服饰、脸部表情和装饰纹样。', '门神；对称构图；高饱和色彩；传统服饰；脸部表情；装饰纹样', '西方骑士；现代警察；超级英雄；摄影写实', 1328, 1328, '2026-06-26T08:42:09+00:00'),
    ('img_0045', 'mvp_2026_06', 'J0001', 'img_0045.png', 'images/blind/img_0045.png', '水墨山水', 'L1', '生成一幅中国水墨山水画风格的远山与江面图像。', '远山；江面；水墨；留白', '现代建筑；霓虹灯；写实摄影；赛博风', 1254, 1254, '2026-06-26T03:46:48+00:00'),
    ('img_0046', 'mvp_2026_06', 'J0002', 'img_0046.png', 'images/blind/img_0046.png', '水墨山水', 'L1', '生成一幅中国水墨山水画风格的远山与江面图像。', '远山；江面；水墨；留白', '现代建筑；霓虹灯；写实摄影；赛博风', 1254, 1254, '2026-06-26T04:11:01+00:00'),
    ('img_0047', 'mvp_2026_06', 'J0007', 'img_0047.png', 'images/blind/img_0047.png', '水墨山水', 'L2', '生成一幅中国水墨山水画风格的图像，画面包含远山、江面、小舟和留白。', '远山；江面；小舟；留白', '现代建筑；高饱和霓虹色；西式油画光影；摄影写实', 2048, 2048, '2026-06-25T18:10:23+00:00'),
    ('img_0048', 'mvp_2026_06', 'J0037', 'img_0048.jpg', 'images/blind/img_0048.jpg', '敦煌图像', 'L1', '生成一幅敦煌壁画风格的飞天图像。', '飞天；壁画风格；飘带', '现代古风插画；游戏角色；摄影棚人物', 1328, 1328, '2026-06-26T08:40:46+00:00')
on conflict (image_id) do update set
    blind_filename = excluded.blind_filename,
    blind_image_path = excluded.blind_image_path,
    target_style = excluded.target_style,
    prompt_level = excluded.prompt_level,
    prompt_text = excluded.prompt_text,
    expected_elements = excluded.expected_elements,
    forbidden_elements = excluded.forbidden_elements,
    image_width = excluded.image_width,
    image_height = excluded.image_height,
    generated_at = excluded.generated_at;

insert into reviewers (reviewer_id, display_name, password_hash, role) values
    ('LYNN', 'LYNN', 'a320480f534776bddb5cdb54b1e93d210a3c7d199e80a23c1b2178497b184c76', 'admin'),
    ('reviewer01', 'reviewer01', '06cf82668381e7f6bb8ae30f93eb11841eb13b0d37411a166da3caced72072e2', 'reviewer'),
    ('reviewer02', 'reviewer02', 'c3fb3f5358bcf7812658bf21da60faf4eaf3ffb91b4710cdd9042c0726c98f7e', 'reviewer'),
    ('reviewer03', 'reviewer03', '666391c88c3ea839b2d2c6698b56f2628c0ad8c139b8b083b1dcd6a07f5c53fd', 'reviewer'),
    ('reviewer04', 'reviewer04', '2477daf9718d1330edfd7dc389bb2b2b4d0d273b2cbbd4467c9756f7e1589865', 'reviewer'),
    ('reviewer05', 'reviewer05', '19074a4c01f0f49d4f5fb828e78041953887906014d7918c80e84fb66f73e9c3', 'reviewer'),
    ('reviewer06', 'reviewer06', '61de914e82032ed03b289885947002bf25f1c03d5b83f8f767e586c1aca8d614', 'reviewer'),
    ('reviewer07', 'reviewer07', 'fe5fe21571ce76b75bd96d7f55282ab9772ee7ee22d91b7ce5d73341160dcad9', 'reviewer'),
    ('reviewer08', 'reviewer08', '6314cbec292141f9828ca117702b904a29d86101c4a2570da0da8b3684c8b804', 'reviewer'),
    ('reviewer09', 'reviewer09', '372dfa2d3d4f0e9d027a63ed4780c5ebe2f16a3b07b74c797cfdf6eb5bf77c0a', 'reviewer'),
    ('reviewer10', 'reviewer10', 'b2d779e095a08b6d7c2ab938645c775e91abaf6f0a96683ad3ae92060464ce95', 'reviewer')
on conflict (reviewer_id) do update set
    display_name = excluded.display_name,
    password_hash = excluded.password_hash,
    role = excluded.role;

insert into ratings (rating_id, evaluation_set_id, image_id, job_id, prompt_id, reviewer_id, blind_model_label, style_consistency_score, element_accuracy_score, error_control_score, overall_score, error_tags, comment, created_at, updated_at) values
    ('R20260626092647_a80fd2', 'mvp_2026_06', 'img_0034', 'J0043', 'NH_L2_001', 'reviewer01', 'Model_C', 3, 4, 4, 4, null, null, '2026-06-26T09:26:47+00:00', '2026-06-26T09:26:47+00:00'),
    ('R20260626092720_19a29d', 'mvp_2026_06', 'img_0006', 'J0004', 'SS_L1_001', 'reviewer01', 'Model_B', 4, 5, 5, 4, null, null, '2026-06-26T09:27:20+00:00', '2026-06-26T09:27:20+00:00'),
    ('R20260626092737_84a3e1', 'mvp_2026_06', 'img_0036', 'J0041', 'NH_L1_001', 'reviewer01', 'Model_C', 4, 1, 5, 2, null, null, '2026-06-26T09:27:37+00:00', '2026-06-26T09:27:37+00:00'),
    ('R20260626095006_b1d394', 'mvp_2026_06', 'img_0001', 'J0038', 'DH_L1_001', 'reviewer01', 'Model_C', 4, 4, 5, 4, null, null, '2026-06-26T09:50:06+00:00', '2026-06-26T09:50:06+00:00'),
    ('R20260626095052_195aca', 'mvp_2026_06', 'img_0029', 'J0029', 'JP_L2_001', 'reviewer01', 'Model_A', 4, 4, 4, 4, null, null, '2026-06-26T09:50:52+00:00', '2026-06-26T09:50:52+00:00'),
    ('R20260626095109_c5aac1', 'mvp_2026_06', 'img_0037', 'J0008', 'SS_L2_001', 'reviewer01', 'Model_B', 4, 5, 5, 4, null, null, '2026-06-26T09:51:09+00:00', '2026-06-26T09:51:09+00:00'),
    ('R20260626095123_548be7', 'mvp_2026_06', 'img_0008', 'J0018', 'NH_L1_001', 'reviewer01', 'Model_A', 4, 4, 3, 4, null, null, '2026-06-26T09:51:23+00:00', '2026-06-26T09:51:23+00:00'),
    ('R20260626095138_d26c3e', 'mvp_2026_06', 'img_0018', 'J0015', 'DH_L2_001', 'reviewer01', 'Model_B', 3, 3, 2, 3, null, null, '2026-06-26T09:51:38+00:00', '2026-06-26T09:51:38+00:00'),
    ('R20260626095154_bc214e', 'mvp_2026_06', 'img_0013', 'J0033', 'SS_L1_001', 'reviewer01', 'Model_C', 4, 5, 5, 4, null, null, '2026-06-26T09:51:54+00:00', '2026-06-26T09:51:54+00:00'),
    ('R20260626095204_fcd75b', 'mvp_2026_06', 'img_0005', 'J0039', 'DH_L2_001', 'reviewer01', 'Model_C', 4, 5, 5, 4, null, null, '2026-06-26T09:52:04+00:00', '2026-06-26T09:52:04+00:00'),
    ('R20260626095605_29f7d1', 'mvp_2026_06', 'img_0043', 'J0006', 'SS_L2_001', 'reviewer01', 'Model_A', 5, 5, 5, 5, null, null, '2026-06-26T09:56:05+00:00', '2026-06-26T09:56:05+00:00'),
    ('R20260626095622_f78d49', 'mvp_2026_06', 'img_0016', 'J0021', 'NH_L2_001', 'reviewer01', 'Model_A', 5, 5, 5, 5, null, null, '2026-06-26T09:56:22+00:00', '2026-06-26T09:56:22+00:00'),
    ('R20260626095633_865729', 'mvp_2026_06', 'img_0047', 'J0007', 'SS_L2_001', 'reviewer01', 'Model_B', 5, 5, 4, 4, null, null, '2026-06-26T09:56:33+00:00', '2026-06-26T09:56:33+00:00'),
    ('R20260626100637_0e991c', 'mvp_2026_06', 'img_0010', 'J0013', 'DH_L2_001', 'reviewer01', 'Model_A', 4, 5, 4, 5, null, null, '2026-06-26T10:06:37+00:00', '2026-06-26T10:06:37+00:00'),
    ('R20260626100652_0dd138', 'mvp_2026_06', 'img_0015', 'J0010', 'DH_L1_001', 'reviewer01', 'Model_A', 5, 4, 5, 4, null, null, '2026-06-26T10:06:52+00:00', '2026-06-26T10:06:52+00:00'),
    ('R20260626100720_c817ea', 'mvp_2026_06', 'img_0033', 'J0016', 'DH_L2_001', 'reviewer01', 'Model_B', 3, 3, 2, 3, null, null, '2026-06-26T10:07:20+00:00', '2026-06-26T10:07:20+00:00'),
    ('R20260626100748_ed9efd', 'mvp_2026_06', 'img_0002', 'J0027', 'JP_L1_001', 'reviewer01', 'Model_B', 3, 3, 2, 3, null, null, '2026-06-26T10:07:48+00:00', '2026-06-26T10:07:48+00:00'),
    ('R20260626100806_bd9d34', 'mvp_2026_06', 'img_0022', 'J0034', 'SS_L1_001', 'reviewer01', 'Model_C', 4, 4, 1, 3, null, null, '2026-06-26T10:08:06+00:00', '2026-06-26T10:08:06+00:00'),
    ('R20260626100821_1f4d88', 'mvp_2026_06', 'img_0035', 'J0046', 'JP_L1_001', 'reviewer01', 'Model_C', 2, 3, 2, 3, null, null, '2026-06-26T10:08:21+00:00', '2026-06-26T10:08:21+00:00'),
    ('R20260626100834_f4d753', 'mvp_2026_06', 'img_0038', 'J0045', 'JP_L1_001', 'reviewer01', 'Model_C', 4, 3, 2, 3, null, null, '2026-06-26T10:08:34+00:00', '2026-06-26T10:08:34+00:00'),
    ('R20260626100938_00f63d', 'mvp_2026_06', 'img_0012', 'J0014', 'DH_L2_001', 'reviewer01', 'Model_A', 5, 4, 4, 4, null, null, '2026-06-26T10:09:38+00:00', '2026-06-26T10:09:38+00:00'),
    ('R20260626100956_fa216d', 'mvp_2026_06', 'img_0007', 'J0048', 'JP_L2_001', 'reviewer01', 'Model_C', 3, 3, 3, 3, null, null, '2026-06-26T10:09:56+00:00', '2026-06-26T10:09:56+00:00'),
    ('R20260626101145_e41411', 'mvp_2026_06', 'img_0026', 'J0017', 'NH_L1_001', 'reviewer01', 'Model_A', 4, 3, 4, 4, null, null, '2026-06-26T10:11:45+00:00', '2026-06-26T10:11:45+00:00'),
    ('R20260626101157_9bf63c', 'mvp_2026_06', 'img_0021', 'J0036', 'SS_L2_001', 'reviewer01', 'Model_C', 4, 4, 5, 4, null, null, '2026-06-26T10:11:57+00:00', '2026-06-26T10:11:57+00:00'),
    ('R20260626101250_5e6b4c', 'mvp_2026_06', 'img_0042', 'J0026', 'JP_L1_001', 'reviewer01', 'Model_A', 4, 4, 5, 4, null, null, '2026-06-26T10:12:50+00:00', '2026-06-26T10:12:50+00:00'),
    ('R20260626101258_4b6a1d', 'mvp_2026_06', 'img_0046', 'J0002', 'SS_L1_001', 'reviewer01', 'Model_A', 5, 4, 5, 4, null, null, '2026-06-26T10:12:58+00:00', '2026-06-26T10:12:58+00:00'),
    ('R20260626101401_cac831', 'mvp_2026_06', 'img_0031', 'J0024', 'NH_L2_001', 'reviewer01', 'Model_B', 3, 4, 2, 4, null, null, '2026-06-26T10:14:01+00:00', '2026-06-26T10:14:01+00:00'),
    ('R20260626101601_45f4c5', 'mvp_2026_06', 'img_0017', 'J0035', 'SS_L2_001', 'reviewer01', 'Model_C', 4, 4, 5, 4, null, null, '2026-06-26T10:16:01+00:00', '2026-06-26T10:16:01+00:00'),
    ('R20260626101620_9075f3', 'mvp_2026_06', 'img_0009', 'J0040', 'DH_L2_001', 'reviewer01', 'Model_C', 5, 5, 5, 5, null, null, '2026-06-26T10:16:20+00:00', '2026-06-26T10:16:20+00:00'),
    ('R20260626101629_be5a98', 'mvp_2026_06', 'img_0040', 'J0012', 'DH_L1_001', 'reviewer01', 'Model_B', 3, 3, 2, 3, null, null, '2026-06-26T10:16:29+00:00', '2026-06-26T10:16:29+00:00'),
    ('R20260626101641_07098e', 'mvp_2026_06', 'img_0023', 'J0011', 'DH_L1_001', 'reviewer01', 'Model_B', 4, 3, 2, 3, null, null, '2026-06-26T10:16:41+00:00', '2026-06-26T10:16:41+00:00'),
    ('R20260626101652_6e7212', 'mvp_2026_06', 'img_0011', 'J0030', 'JP_L2_001', 'reviewer01', 'Model_A', 4, 4, 4, 4, null, null, '2026-06-26T10:16:52+00:00', '2026-06-26T10:16:52+00:00'),
    ('R20260626101756_b2ed66', 'mvp_2026_06', 'img_0014', 'J0022', 'NH_L2_001', 'reviewer01', 'Model_A', 4, 4, 3, 4, null, null, '2026-06-26T10:17:56+00:00', '2026-06-26T10:17:56+00:00'),
    ('R20260626101807_7d0b3a', 'mvp_2026_06', 'img_0019', 'J0003', 'SS_L1_001', 'reviewer01', 'Model_B', 4, 4, 5, 4, null, null, '2026-06-26T10:18:07+00:00', '2026-06-26T10:18:07+00:00'),
    ('R20260626101831_75b3de', 'mvp_2026_06', 'img_0041', 'J0047', 'JP_L2_001', 'reviewer01', 'Model_C', 4, 3, 5, 4, null, null, '2026-06-26T10:18:31+00:00', '2026-06-26T10:18:31+00:00'),
    ('R20260626101840_65ba12', 'mvp_2026_06', 'img_0003', 'J0025', 'JP_L1_001', 'reviewer01', 'Model_A', 4, 4, 3, 4, null, null, '2026-06-26T10:18:40+00:00', '2026-06-26T10:18:40+00:00'),
    ('R20260626101852_7a0a0d', 'mvp_2026_06', 'img_0044', 'J0044', 'NH_L2_001', 'reviewer01', 'Model_C', 5, 5, 5, 5, null, null, '2026-06-26T10:18:52+00:00', '2026-06-26T10:18:52+00:00'),
    ('R20260626101900_82aabb', 'mvp_2026_06', 'img_0025', 'J0032', 'JP_L2_001', 'reviewer01', 'Model_B', 4, 4, 2, 3, null, null, '2026-06-26T10:19:00+00:00', '2026-06-26T10:19:00+00:00'),
    ('R20260626101908_cf8043', 'mvp_2026_06', 'img_0027', 'J0042', 'NH_L1_001', 'reviewer01', 'Model_C', 4, 4, 4, 4, null, null, '2026-06-26T10:19:08+00:00', '2026-06-26T10:19:08+00:00'),
    ('R20260626102006_aaa163', 'mvp_2026_06', 'img_0048', 'J0037', 'DH_L1_001', 'reviewer01', 'Model_C', 5, 5, 5, 5, null, null, '2026-06-26T10:20:06+00:00', '2026-06-26T10:20:06+00:00'),
    ('R20260626102013_e29302', 'mvp_2026_06', 'img_0039', 'J0028', 'JP_L1_001', 'reviewer01', 'Model_B', 4, 2, 2, 3, null, null, '2026-06-26T10:20:13+00:00', '2026-06-26T10:20:13+00:00'),
    ('R20260626102020_542557', 'mvp_2026_06', 'img_0020', 'J0031', 'JP_L2_001', 'reviewer01', 'Model_B', 2, 2, 2, 2, null, null, '2026-06-26T10:20:20+00:00', '2026-06-26T10:20:20+00:00'),
    ('R20260626102029_194c8b', 'mvp_2026_06', 'img_0032', 'J0023', 'NH_L2_001', 'reviewer01', 'Model_B', 3, 3, 2, 3, null, null, '2026-06-26T10:20:29+00:00', '2026-06-26T10:20:29+00:00'),
    ('R20260626102039_e64eb9', 'mvp_2026_06', 'img_0045', 'J0001', 'SS_L1_001', 'reviewer01', 'Model_A', 4, 4, 4, 4, null, null, '2026-06-26T10:20:39+00:00', '2026-06-26T10:20:39+00:00'),
    ('R20260626102047_99f3f1', 'mvp_2026_06', 'img_0028', 'J0019', 'NH_L1_001', 'reviewer01', 'Model_B', 4, 3, 3, 3, null, null, '2026-06-26T10:20:47+00:00', '2026-06-26T10:20:47+00:00'),
    ('R20260626102116_78e484', 'mvp_2026_06', 'img_0024', 'J0009', 'DH_L1_001', 'reviewer01', 'Model_A', 4, 4, 4, 5, null, null, '2026-06-26T10:21:16+00:00', '2026-06-26T10:21:16+00:00'),
    ('R20260626102122_d06433', 'mvp_2026_06', 'img_0030', 'J0005', 'SS_L2_001', 'reviewer01', 'Model_A', 5, 5, 5, 5, null, null, '2026-06-26T10:21:22+00:00', '2026-06-26T10:21:22+00:00'),
    ('R20260626102130_e0e7ef', 'mvp_2026_06', 'img_0004', 'J0020', 'NH_L1_001', 'reviewer01', 'Model_B', 4, 3, 3, 3, null, null, '2026-06-26T10:57:54+00:00', '2026-06-26T10:57:54+00:00')
on conflict (evaluation_set_id, image_id, reviewer_id) do update set
    style_consistency_score = excluded.style_consistency_score,
    element_accuracy_score = excluded.element_accuracy_score,
    error_control_score = excluded.error_control_score,
    overall_score = excluded.overall_score,
    error_tags = excluded.error_tags,
    comment = excluded.comment,
    updated_at = excluded.updated_at;

commit;
